id,claim_verbatim,probability_words,inferred_probability,confirm
pl-003,Where will it trade Silver will trade above $90 an ounce within twelve months. Physical demand will drive it.,will,0.9,
pl-004,"By 2028, demand (>30 Mt) outstrips likely supply (~28-29 Mt) by roughly 1 to 2 million tonnes.",likely supply / Structural Deficit,0.7,
pl-005,"Even under the most optimistic “perfect execution” scenarios, assuming no strikes, no political expropriations, and seamless project ramp-ups, the industry can physically scale to only ~25 Mt by 2028.",can physically scale to only ~25 Mt,0.9,
pl-006,This implies a global refined copper market exceeding 30 Mt by 2028.,implies … exceeding 30 Mt,0.7,
pl-007,Inflationary Violence Copper prices will rise until they destroy demand. This is not a gentle slope; it is a violent correction. Prices must reach a level that forces the cancellation of the lowest-priority activities.,will rise / must reach,0.9,
pl-008,The lag in copper supply means that the physical infrastructure required to energize the AI and Green revolutions simply will not be there.,will not be there,0.9,
pl-009,Complete enforcement of the May 2026 sulphuric acid export halt is the baseline expectation. Any signs of quota easing or political exemptions will immediately signal a bearish reversal for global reagent pricing.,baseline expectation,0.9,
pl-010,"Consequently, the extreme under-application forced by the 2026–2027 crisis guarantees a persistent “yield hangover”, a structural suppression of global agricultural productivity that will extend through 2028 to 2030.",guarantees / will extend,0.9,
pl-011,"The collapse of local agricultural economies serves as a primary push-factor, highly likely to trigger mass, irregular migration events toward Europe and North America throughout late 2026 and 2027.",highly likely,0.8,
pl-012,"If the dual shock holds its current trajectory, models project global fertiliser prices will average 15–20% higher through the first half of 2026.",models project … will average 15–20%,0.7,
pl-013,This input pressure is projected to push baseline food price inflation up by 2 to 4 percentage points in developed markets through 2027.,projected to push,0.7,
pl-014,"IQ is a very imperfect way to rate AI, but for now, in 2026, it’s say 130-200; it will be in the 1000s by 2028.",will be in the 1000s,0.9,
pl-015,"a current open-weight model is 3 trillion parameters, in 3-4 years it is likely to be 100 trillion",likely,0.7,
pl-016,AI Won't Nuke SaaS: Why the White-Collar Apocalypse Is Just Tech Bros' Dreaming Nonsense These white-collar Armageddon stories are nonsense,Won't / nonsense,0.9,
pl-017,"In 2026-2027, robots are expected to become permanent fixtures in large office buildings and smart campuses, handling concierge and navigation tasks.",expected to,0.7,
pl-018,"By 2028-2029, household integration will scale up, with elder care robotics becoming standard for mobility assistance and medication reminders in ageing societies like Japan and Europe.",will scale up / becoming standard,0.9,
pl-019,The “valley of death” for ammunition supply in 2026-2027 is a very real prospect.,very real prospect,0.7,
pl-020,The report identifies a gap (2026-2028) before new plants come online.,identifies a gap (2026-2028),0.7,
pl-021,"With no inventory buffer left, price volatility will impair both grid expansion and missile production.",will impair,0.9,
pl-024,The world simply can’t build what it plans to build it can’t  supply the bill of materials,can’t … can’t,0.9,
pl-026,"It is unstoppable - renewables will make very little difference. By any objective measure, renewable energy is making very little headway",will make very little difference / unstoppable,0.9,
pl-027,Global heat into 2027 — High. The WMO outlook supports continued warmth as El Niño’s influence carries beyond its expected late-2026 peak.,High,0.8,
pl-028,Andrew Watkins told ABC that 2027 is “almost a dead cert” to be the hottest year.,almost a dead cert (relayed),0.9,
pl-030,"By 2028, AI and data infrastructure are on track to add about 0.5 to 0.6 Mt of annual copper demand above 2024 levels.",are on track,0.7,
pl-031,"The cumulative deployment of NVIDIA-based AI systems over these four years will require about 268,450 tonnes of copper.","will require about 268,450 tonnes",0.9,
pl-032,"Rubin Ultra due in 2027 and Feynman in 2028, one new generation every year.",due in 2027 / in 2028,0.8,
pl-033,"Grades started out in 1992 at 2.5-3% now they are FY25: 1.02% , FY26: 0.90% , FY27 about 0.70%.",FY27 about 0.70%,0.7,
pl-034,"Australians are financially illiterate , stressed and about to cop an economic hiding .",about to,0.7,
pl-038,"Siemens at the moment have 138 b euro back order on equipment, things like the major transformers the major transformers are taking four to five years to be delivered.",are taking four to five years,0.8,
pl-039,"The market faces a projected supply deficit of >500,000 tonnes in 2025.","projected supply deficit of >500,000 tonnes in 2025",0.7,
pl-040,"That behaviour will start changing before 1 July 2027, even though Treasury says the transition is designed to minimise date-driven buy-and-sell distortions.",will start changing,0.9,
pl-041,"The more data centres and defense need silver, the more the price will rise.",will rise,0.9,
pl-043,"Chilean copper disruption; Peru watch — Medium–High. Chilean interruptions and the Caserones guidance reduction are observed. Further disruption depends on damage to access, power or transport.",Medium–High,0.7,
pl-044,Southern African maize — Medium–High. The regional outlook favours drier conditions during the 2026–27 growing season. Yield losses could increase import requirements.,Medium–High,0.7,
pl-045,"In response to the 2026 reagent and climate shocks, the deployment of capital-intensive agricultural technologies is likely to accelerate rapidly.",likely,0.7,
